filename,label,wav_duration,file_path,folder,idx
201108222228.wav,Aunlabelledtest,7.935555555555555,../datasets/challenge2/set_a/Aunlabelledtest__201108222228.wav,a,45
201106031556.wav,Aunlabelledtest,9.0,../datasets/challenge2/set_a/Aunlabelledtest__201106031556.wav,a,25
201106061215.wav,Aunlabelledtest,9.0,../datasets/challenge2/set_a/Aunlabelledtest__201106061215.wav,a,28
201012172010.wav,Aunlabelledtest,9.0,../datasets/challenge2/set_a/Aunlabelledtest__201012172010.wav,a,2
201108011117.wav,Aunlabelledtest,7.935555555555555,../datasets/challenge2/set_a/Aunlabelledtest__201108011117.wav,a,42
201101091156.wav,Aunlabelledtest,9.0,../datasets/challenge2/set_a/Aunlabelledtest__201101091156.wav,a,5
201108011116.wav,Aunlabelledtest,7.935555555555555,../datasets/challenge2/set_a/Aunlabelledtest__201108011116.wav,a,41
201101152256.wav,Aunlabelledtest,7.861201814058957,../datasets/challenge2/set_a/Aunlabelledtest__201101152256.wav,a,7
201106100606.wav,Aunlabelledtest,9.0,../datasets/challenge2/set_a/Aunlabelledtest__201106100606.wav,a,29
201108011113.wav,Aunlabelledtest,7.935555555555555,../datasets/challenge2/set_a/Aunlabelledtest__201108011113.wav,a,40
201108011111.wav,Aunlabelledtest,7.935555555555555,../datasets/challenge2/set_a/Aunlabelledtest__201108011111.wav,a,39
201101110659.wav,Aunlabelledtest,7.571020408163266,../datasets/challenge2/set_a/Aunlabelledtest__201101110659.wav,a,6
20110501548.wav,Aunlabelledtest,9.0,../datasets/challenge2/set_a/Aunlabelledtest__20110501548.wav,a,1
201101051105.wav,Aunlabelledtest,7.8859410430839,../datasets/challenge2/set_a/Aunlabelledtest__201101051105.wav,a,3
201106111419.wav,Aunlabelledtest,9.0,../datasets/challenge2/set_a/Aunlabelledtest__201106111419.wav,a,30
201101241434.wav,Aunlabelledtest,9.0,../datasets/challenge2/set_a/Aunlabelledtest__201101241434.wav,a,9
201104012144.wav,Aunlabelledtest,5.711519274376418,../datasets/challenge2/set_a/Aunlabelledtest__201104012144.wav,a,20
201106191034.wav,Aunlabelledtest,9.0,../datasets/challenge2/set_a/Aunlabelledtest__201106191034.wav,a,36
201106030607.wav,Aunlabelledtest,9.0,../datasets/challenge2/set_a/Aunlabelledtest__201106030607.wav,a,24
201106061104.wav,Aunlabelledtest,9.0,../datasets/challenge2/set_a/Aunlabelledtest__201106061104.wav,a,27
201106040930.wav,Aunlabelledtest,9.0,../datasets/challenge2/set_a/Aunlabelledtest__201106040930.wav,a,26
201108222257.wav,Aunlabelledtest,7.935555555555555,../datasets/challenge2/set_a/Aunlabelledtest__201108222257.wav,a,51
201108222241.wav,Aunlabelledtest,7.935555555555555,../datasets/challenge2/set_a/Aunlabelledtest__201108222241.wav,a,47
201102081045.wav,Aunlabelledtest,8.615600907029478,../datasets/challenge2/set_a/Aunlabelledtest__201102081045.wav,a,11
201105011546.wav,Aunlabelledtest,9.0,../datasets/challenge2/set_a/Aunlabelledtest__201105011546.wav,a,21
201108222254.wav,Aunlabelledtest,7.935555555555555,../datasets/challenge2/set_a/Aunlabelledtest__201108222254.wav,a,50
201108222244.wav,Aunlabelledtest,7.935555555555555,../datasets/challenge2/set_a/Aunlabelledtest__201108222244.wav,a,48
201105031730.wav,Aunlabelledtest,7.587732426303855,../datasets/challenge2/set_a/Aunlabelledtest__201105031730.wav,a,22
201103201314.wav,Aunlabelledtest,1.754875283446712,../datasets/challenge2/set_a/Aunlabelledtest__201103201314.wav,a,17
201103232251.wav,Aunlabelledtest,9.0,../datasets/challenge2/set_a/Aunlabelledtest__201103232251.wav,a,18
201102200848.wav,Aunlabelledtest,7.9721541950113375,../datasets/challenge2/set_a/Aunlabelledtest__201102200848.wav,a,12
201101220549.wav,Aunlabelledtest,9.0,../datasets/challenge2/set_a/Aunlabelledtest__201101220549.wav,a,8
201101061552.wav,Aunlabelledtest,5.974920634920635,../datasets/challenge2/set_a/Aunlabelledtest__201101061552.wav,a,4
201108222247.wav,Aunlabelledtest,7.935555555555555,../datasets/challenge2/set_a/Aunlabelledtest__201108222247.wav,a,49
201106211725.wav,Aunlabelledtest,6.526462585034014,../datasets/challenge2/set_a/Aunlabelledtest__201106211725.wav,a,37
201103011036.wav,Aunlabelledtest,9.0,../datasets/challenge2/set_a/Aunlabelledtest__201103011036.wav,a,13
201103241336.wav,Aunlabelledtest,7.921995464852608,../datasets/challenge2/set_a/Aunlabelledtest__201103241336.wav,a,19
201103140236.wav,Aunlabelledtest,9.0,../datasets/challenge2/set_a/Aunlabelledtest__201103140236.wav,a,14
2011040239.wav,Aunlabelledtest,3.8702494331065758,../datasets/challenge2/set_a/Aunlabelledtest__2011040239.wav,a,0
201108222234.wav,Aunlabelledtest,7.935555555555555,../datasets/challenge2/set_a/Aunlabelledtest__201108222234.wav,a,46
201108222222.wav,Aunlabelledtest,7.935555555555555,../datasets/challenge2/set_a/Aunlabelledtest__201108222222.wav,a,43
201106130440.wav,Aunlabelledtest,9.0,../datasets/challenge2/set_a/Aunlabelledtest__201106130440.wav,a,32
201106120928.wav,Aunlabelledtest,9.0,../datasets/challenge2/set_a/Aunlabelledtest__201106120928.wav,a,31
201102081033.wav,Aunlabelledtest,7.128140589569161,../datasets/challenge2/set_a/Aunlabelledtest__201102081033.wav,a,10
201106212102.wav,Aunlabelledtest,9.0,../datasets/challenge2/set_a/Aunlabelledtest__201106212102.wav,a,38
201103170122.wav,Aunlabelledtest,8.615600907029478,../datasets/challenge2/set_a/Aunlabelledtest__201103170122.wav,a,15
201106171155.wav,Aunlabelledtest,9.0,../datasets/challenge2/set_a/Aunlabelledtest__201106171155.wav,a,35
201103200518.wav,Aunlabelledtest,8.56546485260771,../datasets/challenge2/set_a/Aunlabelledtest__201103200518.wav,a,16
201106170857.wav,Aunlabelledtest,9.0,../datasets/challenge2/set_a/Aunlabelledtest__201106170857.wav,a,34
201106010807.wav,Aunlabelledtest,9.0,../datasets/challenge2/set_a/Aunlabelledtest__201106010807.wav,a,23
201106150614.wav,Aunlabelledtest,9.0,../datasets/challenge2/set_a/Aunlabelledtest__201106150614.wav,a,33
201108222225.wav,Aunlabelledtest,7.935555555555555,../datasets/challenge2/set_a/Aunlabelledtest__201108222225.wav,a,44
